Input,Category,Description,Choices,Default Value,Ref
timetype,Temporal / solve structure,Sequential or Intertemporal,seq; int; win,seq,
ignore,Run setup / execution,"0=run this case, 1=ignore this case",0; 1,0,
AWS,Run setup / execution,Switch for when running on AWS,0; 1,0,
yearset,Temporal / solve structure,"_-delimited list of years to model OR bash-formatted year ranges (start..end..step). For example, 2010_2015_2020..2035..3_2040..2050..5 means: 2010, 2015, then 2020 through 2035 in 3-year steps, then 2040 through 2050 in 5-year steps. startyear will be prepended if it is not included. Truncated at endyear.",N/A,2010_2015_2020..2050..3,
startyear,Temporal / solve structure,First year to be modeled,N/A,2010,
endyear,Temporal / solve structure,Last year to be modeled,N/A,2050,
windows_suffix,Temporal / solve structure,Set of windows that are modeled,default; step5; step10; 2100,default,
solver,Run setup / execution,Solver for GAMS to use,CPLEX; gurobi,CPLEX,
distpvscen,Demand / load / flexibility,Setting for distpv scenario (see inputs\dgen_model_inputs),N/A,stscen2023_mid_case,
calc_csp_cc,Resource adequacy / PRM / PRAS,Switch to turn on CSP capacity credit calculations,0; 1,0,
plantchar_battery,Technology costs / performance,Battery cost and performance inputs (inputs\plant_characteristics\{plantchar_battery}.csv). The options for plantchar_battery start with 'battery_' and the switch should be set to the entire file name (ex: battery_ATB_2024_advanced),battery_ATB_(2023|2024)_(conservative|moderate|advanced),battery_ATB_2024_moderate,
plantchar_beccs,Technology costs / performance,BECCS cost and performance inputs (inputs\plant_characteristics\{plantchar_beccs}.csv) The options for plantchar_beccs start with 'beccs_' and the switch should be set to the entire file name (ex: beccs_reference),(beccs_BVRE_2021_(high|mid|low)|beccs_(reference|lowcost)),beccs_reference,
plantchar_biopower,Technology costs / performance,Biopower generators cost and performance characteristics (inputs\plant_characteristics\{plantchar_biopower}.csv). Options start with 'biopower_' and the switch should be set to the entire file name (ex: biopower_ATB_2024_moderate),biopower_ATB_(2024)_(moderate),biopower_ATB_2024_moderate,
plantchar_coal_ccs,Technology costs / performance,Coal CCS generators cost and performance characteristics (inputs\plant_characteristics\{plantchar_coal_ccs}.csv). Options start with 'coal-ccs_' and the switch should be set to the entire file name (ex: coal-ccs_ATB_2024_moderate),coal-ccs_ATB_(2024)_(conservative|moderate|advanced),coal-ccs_ATB_2024_moderate,
plantchar_coal,Technology costs / performance,Coal generators cost and performance characteristics (inputs\plant_characteristics\{plantchar_coal}.csv). Options start with 'coal_' and the switch should be set to the entire file name (ex: coal_ATB_2024_moderate),coal_ATB_(2024)_(moderate),coal_ATB_2024_moderate,
plantchar_csp,Technology costs / performance,CSP cost and performance characteristics (inputs\plant_characteristics\{plantchar_csp}.csv). The options for plantchar_csp start with 'csp_' and the switch should be set to the entire file name (ex: csp_ATB_2024_advanced),csp_ATB_(2023|2024)_(conservative|moderate|advanced),csp_ATB_2024_moderate,
plantchar_fuelcell,Technology costs / performance,Fuel cell cost and performance characteristics (inputs\plant_characteristics\{plantchar_fuelcell}.csv). The options for plantchar_fuelcell start with 'fuelcell_' and the switch should be set to the entire file name (ex: fuelcell_ATB_2024_advanced),fuelcell_ATB_2024_(moderate|advanced),fuelcell_ATB_2024_moderate,
plantchar_gas_ccs,Technology costs / performance,Natural gas CCS generator cost and performance characteristics (inputs\plant_characteristics\{plantchar_gas_ccs}.csv). Options start with 'gas-ccs' and the switch should be set to the entire file name (ex: gas-ccs_ATB_2024_moderate),gas-ccs_ATB_(2024)_(conservative|moderate|advanced),gas-ccs_ATB_2024_moderate,
plantchar_gas,Technology costs / performance,Natural gas generator cost and performance characteristics (inputs\plant_characteristics\{plantchar_gas}.csv). Options start with 'gas_' and the switch should be set to the entire file name (ex: gas_ATB_2024_moderate),gas_ATB_(2024)_(moderate),gas_ATB_2024_moderate,
plantchar_geo,Technology costs / performance,Geothermal cost setting (inputs\plant_characteristics\{plantchar_geo}.csv).The options for plantchar_geo start with 'geo_' and the switch should be set to the entire file name (ex: geo_ATB_2023_conservative),geo_ATB_(2023|2024)_(conservative|moderate|advanced),geo_ATB_2024_moderate,
plantchar_h2combustion,Technology costs / performance,H2-CT/CC cost and performance inputs (inputs/plant_characteristics/{h2combustionscen}.csv). The options for h2combustionscen start with 'h2-combustion_' and the switch should be set to the entire file name (ex: h2-combustion_ATB_2023),h2-combustion_ATB_(2024),h2-combustion_ATB_2024,
plantchar_hydro,Technology costs / performance,Hydropower cost inputs (inputs/plant_characteristics/{plantchar_hydro}.csv). The options for plantchar_hydro start with 'hydro_' and the switch should be set to the entire file name (ex: hydro_ATB_2019_low),hydro_ATB_2019_(constant|mid|low),hydro_ATB_2019_mid,
plantchar_nuclear_smr,Technology costs / performance,Small modular reactor (SMR) cost and performance characteristics (inputs\plant_characteristics\{plantchar_nuclear_smr}.csv). Options start with 'nuclear_smr' and the switch should be set to the entire file name (ex: nuclear-smr_ATB_2024_moderate),nuclear-smr_ATB_(2024)_(conservative|moderate|advanced),nuclear-smr_ATB_2024_moderate,
plantchar_nuclear,Technology costs / performance,Large nuclear cost and performance characteristics (inputs\plant_characteristics\{plantchar_nuclear}.csv). Options start with 'nuclear_' and the switch should be set to the entire file name (ex: nuclear_ATB_2024_moderate),nuclear_ATB_(2024)_(conservative|moderate|advanced),nuclear_ATB_2024_moderate,
plantchar_ofswind,Technology costs / performance,Offshore wind cost and performance inputs (inputs/plant_characteristics/{plantchar_ofswind}.csv). The options for plantchar_ofswind start with 'ofs-wind_' and the switch should be set to the entire file name (ex: ofs-wind_ATB_2023_advanced),ofs-wind_ATB_(2023|2024)_(conservative|moderate|advanced|moderate_noFloating),ofs-wind_ATB_2024_moderate,
plantchar_onswind,Technology costs / performance,Onshore wind cost and performance inputs (inputs/plant_characteristics/{plantchar_onswind}.csv). The options for plantchar_onswind start with 'ons-wind_' and the switch should be set to the entire file name (ex: ons-wind_ATB_2023_advanced).,ons-wind_ATB_(2023|2024)_(conservative|moderate|advanced),ons-wind_ATB_2024_moderate,
plantchar_other,Technology costs / performance,Cost and performance characteristics for lfill-gas and o-g-s (inputs\plant_characteristics\{plantchar_other}.csv). Options start with 'other_' and the switch should be set to the entire file name (ex: other_plantchar)',other_plantchar,other_plantchar,
plantchar_upv,Technology costs / performance,UPV cost and performance inputs (inputs/plant_characteristics/{plantchar_upv}.csv). The options for plantchar_upv start with 'upv_' and the switch should be set to the entire file name (ex: upv_ATB_2023_advanced).,upv_ATB_(2023|2024)_(conservative|moderate|advanced),upv_ATB_2024_moderate,
ccsflexscen,Hydrogen / DAC / CO2 management,"Flexible CCS scenario (inputs\plant_characteristics\{ccsflexscen}_cost/perf.csv).The options for ccsflexscen start with 'ccsflex_' and the switch should be set to the file name, dropping '_cost' or '_perf' (ex: ccsflex_ATB_2020)",ccsflex_ATB_2020,ccsflex_ATB_2020,
ccs_upgrade_cost_case,Hydrogen / DAC / CO2 management,case in upgrade_cost_ccs_coal and upgrade_cost_ccs_gas to use for ccs retrofit costs,atb22_1p2_moderate; atb22_1p2_advanced,atb22_1p2_moderate,
coalscen,Fuel / commodity prices,"Coal price scenario (inputs\fuelprices\{coalscen}.csv). The options for coalscen start with 'coal_' and the switch should be set to the file name, dropping  'coal' (ex: AEO_2025_reference)",AEO_(2023|2025)_reference,AEO_2025_reference,
demandscen,Demand / load / flexibility,Demand scenario (see inputs\load),N/A,AEO_2025_reference,
dr_shedscen,Demand / load / flexibility,DR shed scenario,demo_data_January_2025,demo_data_January_2025,
evmcscen,Demand / load / flexibility,EVMC scenario for load and supply curve and flexibility,Baseline,Baseline,
geodiscov,Renewable resource / siting,Annual discover rates for new geothermal sites,BAU; TI,BAU,
geohydrosupplycurve,Renewable resource / siting,Geohydro Supply Curve,ATB_2023,ATB_2023,
egssupplycurve,Renewable resource / siting,EGS Supply Curve,ATB_2023; reV,reV,
egsnearfieldsupplycurve,Renewable resource / siting,EGS (near field) Supply Curve,ATB_2023,ATB_2023,
ngscen,Fuel / commodity prices,Natural gas price inputs (see inputs\fuelprices),N/A,AEO_2025_reference,
pshsupplycurve,Storage / hybrid resources,PSH Supply Curve,(8|10|12)hr_(ref|wEphemeral|wExist|wEph|wExist_wEph)_(apr2025|mar2024),12hr_ref_apr2025,
pvbscen,Storage / hybrid resources,PVB cost-sharing scenario,benchmark2020,benchmark2020,
dacscen,Hydrogen / DAC / CO2 management,Electrical DAC cost and performance inputs (see inputs/consume/[dacscen].csv starting with 'dac_elec_').,BVRE_2021_(high|mid|low),BVRE_2021_mid,
h2combustionfuelscen,Hydrogen / DAC / CO2 management,H2-CT/CC Fuel Price Scenarios (only used if endogenous H2 production is turned off),10; reference; 30,reference,
upgradescen,Retirement / refurbishment / upgrades,Exogenous upgrade capital cost specification (see inputs\upgrades). 'default' calculates cost using diff between from- and to- tech,N/A,default,
retscen,Retirement / refurbishment / upgrades,Retirement Scenario,Nuke60RetireYear; Nuke80RetireYear; NukeEarlyRetireYear; NukeRefRetireYear,Nuke80RetireYear,
supplycurve,Renewable resource / siting,Wind and Solar Supply Curves,default; 0; naris; 2018,default,
uraniumscen,Fuel / commodity prices,Uranium price scenario,AEO_(2023|2025)_reference,AEO_2025_reference,
GSw_Region,Spatial scope / aggregation,Specify column from inputs/userinput/modeled_regions.csv or from {column of hierarchy.csv}/{period-delimited entries to keep from that column},N/A,country/USA,
GSw_ZoneSet,Spatial scope / aggregation,Set of geospatial zones to use as balancing areas (described in inputs/zones/README.md),^(z48|z54|z69|z132|z134|z3109|UTcounty|PJMcounty)$,z132,
capcredit_hierarchy_level,Resource adequacy / PRM / PRAS,Select level at which to aggregate net load for capacity-credit calculation,r; nercr; transreg; transgrp; cendiv; st; interconnect; country; usda_region,transreg,
construction_schedules_suffix,Technology costs / performance,File suffix for construction schedules,default,default,
construction_times_suffix,Technology costs / performance,File suffix for construction times by technology,default,default,
degrade_suffix,Technology costs / performance,File suffix for annual degredation by technology,default,default,
depreciation_schedules_suffix,Financials / incentives,File suffix for depreciation schedules,default,default,
financials_sys_suffix,Financials / incentives,File suffix for the system-wide system discount rate,ATB(2023|2024),ATB2024,
financials_tech_suffix,Financials / incentives,File suffix for technology-specific financial assumptions (see inputs\financials_tech),ATB(2023|2023_CRP20|2024),ATB2024,
financials_trans_suffix,Financials / incentives,File suffix for transmission financial assumptions,default; 30ITC_0pen_2022_2031,default,
incentives_suffix,Financials / incentives,File suffix for incentive definition,ira; obbba; obbba_conservative; annual; biennial; ira_45q_45v_extension; none,obbba,
inflation_suffix,Financials / incentives,File suffix for historical inflation schedule,default,default,
ivt_suffix,Financials / incentives,File suffix for ivt csv file,default; small; step,default,
reg_cap_cost_diff_suffix,Technology costs / performance,File suffix for regional capital cost differences,default,default,
techs_suffix,Technology availability / representation,File suffix for master list of technologies,default; subsetForTesting,default,
dollar_year,Financials / incentives,DO NOT CHANGE FROM 2004 UNTIL ALL FINANCIAL INPUTS HAVE DOLLAR YEAR ADJUSTMENT - Real dollar year for model to calculate and report,2004,2004,
sys_eval_years,Temporal / solve structure,Number of years that the model evaluates investments on,int,30,
numhintage,Retirement / refurbishment / upgrades,"number of hintage bins. Enter 'unit' for unit level bins. Enter 'group' to group by unique technology, region, and heatrate combinations",int,6,
numbins_windons,Renewable resource / siting,Number of interconnection supply curve bins for onshore wind; options are 5 and 1300 (for individual sites lite),int,10,
numbins_windofs,Renewable resource / siting,Number of interconnection supply curve bins for offshore wind; options are 5 and 1300 (for individual sites lite),int,5,
numbins_upv,Renewable resource / siting,Number of interconnection supply curve bins for upv; options are 20 and 1300 (for individual sites lite),int,40,
numbins_csp,Renewable resource / siting,Number of interconnection supply curve bins for csp,int,5,
numbins_geohydro_allkm,Renewable resource / siting,Number of interconnection supply curve bins for hydrothermal geothermal,int,10,
numbins_egs_allkm,Renewable resource / siting,Number of interconnection supply curve bins for deep enhanced geothermal,int,10,
mindev,Retirement / refurbishment / upgrades,minimum deviation for a hintage to qualify for a new bin,int,50,
unitdata,Retirement / refurbishment / upgrades,"Unit Database: ""EIA-NEMS"" for NEMS",EIA-NEMS,EIA-NEMS,
marg_vre_mw,Resource adequacy / PRM / PRAS,MW for marginal VRE curt/cc calcs,N/A,1000,
marg_stor_mw,Resource adequacy / PRM / PRAS,MW for marginal storage capacity credit,N/A,100,
marg_evmc_mw,Resource adequacy / PRM / PRAS,MW for marginal electric vehicle managed charging (EVMC) capacity credit,N/A,100,
GSw_AnnualCap,Policy / emissions constraints,CO2/CO2e emission cap. Turn off cap (0) or turn on CO2 only cap (1) or turn on CO2e cap (2) or include H2 leakage in CO2e cap (3) ,0; 1; 2; 3,0,
GSw_AnnualCapScen,Policy / emissions constraints,Scenario for CO2 cap pathway (see inputs\emission_constraints\co2_cap.csv),N/A,default,
GSw_AVG_iter,Resource adequacy / PRM / PRAS,Select method for choosing which iterations are used for CC/curt calculations,0; 1,1,
GSw_BankBorrowCap,Policy / emissions constraints,Turn on/off CO2 cap with banking and borrowing,0; 1,0,
GSw_BatteryMandate,Policy / emissions constraints,Turn on/off battery mandate constraint,0; 1,1,
GSw_BECCS,Hydrogen / DAC / CO2 management,Turn on/off BECCS technology,0; 1,1,
GSw_BinOM,Technology costs / performance,Turn on/off binned FOM and VOM for each historical binned vintage,0; 1,1,
GSw_Biopower,Technology availability / representation,Turn on/off biopower,0; 1,1,
GSw_BioSupply,Fuel / commodity prices,Multiplier to adjust total biomass supply,N/A,1,
GSw_BioTransportCost,Fuel / commodity prices,Biomass collection and transport costs ($2004 per dry ton),N/A,22,
GSw_calc_powfrac,Report calculations - Pipeline toggle,Switch to compute powfrac in e_report and e_powfrac_calc - dramatically reduces calculation times with hourly resolution,0; 1,0,
GSw_Canada,Technology availability / representation,"Turn canada off [0], or use flexible (dispatchable-hydro-like) representation [1]",0; 1,1,
GSw_CarbTax,Policy / emissions constraints,Turn on/off CO2 tax,0; 1,0,
GSw_CarbTaxOption,Policy / emissions constraints,Choose the co2_tax input csv file (see inputs\emission_constraints),,default,
GSw_CCS,Hydrogen / DAC / CO2 management,Turn on/off all inflexible CCS,0; 1,1,
GSw_CCS_NotRecTech,Policy / emissions constraints,Turn on/off removal of CCS techs from CES eligibility,0; 1,0,
GSw_CCS_Rate_New_mod,Hydrogen / DAC / CO2 management,fractional CO2 capture rate of new CCS_mod capacity,float,0.95,
GSw_CCS_Rate_New_max,Hydrogen / DAC / CO2 management,fractional CO2 capture rate of new CCS_max capacity,float,0.99,
GSw_CCS_Rate_Upgrade_mod,Hydrogen / DAC / CO2 management,fractional CO2 capture rate of retrofit CCS_mod capacity,float,0.9,
GSw_CCS_Rate_Upgrade_max,Hydrogen / DAC / CO2 management,fractional CO2 capture rate of retrofit CCS_max capacity,float,0.99,
GSw_CCSFLEX_BYP,Hydrogen / DAC / CO2 management,Turn on/off all Flexible CCS with Bypass,0; 1,0,
GSw_CCSFLEX_cap_max,Hydrogen / DAC / CO2 management,CCS maximum capture,float,90,
GSw_CCSFLEX_cost_mult,Hydrogen / DAC / CO2 management,CCS capital cost multiplier,float,1,
GSw_CCSFLEX_DAC,Hydrogen / DAC / CO2 management,Turn on/off all Flexible CCS with Direct Air Capture,0; 1,0,
GSw_CCSFLEX_STO,Hydrogen / DAC / CO2 management,Turn on/off all Flexible CCS with Storage,0; 1,0,
GSw_CCSFLEX_STO_LEVEL,Hydrogen / DAC / CO2 management,Turn on/off explicit tracking of flexible CCS storge level (1=explicit; 0=implicit),0; 1,1,
GSw_CCS_NoRetire,Hydrogen / DAC / CO2 management,Switch to prevent coal and gas from turning off CCS equipment after upgrading. 0 = can turn CCS equipment off. 1 = must keep CCS equipment on.,0; 1,0,
GSw_CheckInputs,Input validation - Pipeline toggle,Switch to turn on/off inputs checking,0; 1,1,
climateloc,Water / climate impacts,Directory for climate scenarios (change to qnap/CIRA_Inputs_R2 to use scenarios not included in inputs/climate),N/A,inputs/climate,
climatescen,Water / climate impacts,Climate scenario for climate impacts,HadGEM2-ES_rcp45_AT; HadGEM2-ES_rcp85_AT; HadGEM2-ES_RCP2p6; HadGEM2-ES_RCP4p5; HadGEM2-ES_RCP8p5; GFDL-ESM2M_RCP4p5_WM; IPSL-CM5A-LR_RCP8p5_WM,HadGEM2-ES_rcp45_AT,
GSw_Clean_Air_Act,Policy / emissions constraints,"Turn on/off the provisions under the Clean Air Act, Section 111, which regulate the emissions from existing coal plants and new gas plants.",0; 1,1,
GSw_ClimateHeuristics,Water / climate impacts,Select scenario for a variety of climate heuristics,none; 2025_2050_linear,none,
GSw_ClimateHydro,Water / climate impacts,Turn on/off climate impacts on hydropower,0; 1,0,
GSw_ClimateStartYear,Water / climate impacts,Year in which to start applying climate impacts,N/A,2022,
GSw_ClimateWater,Water / climate impacts,Turn on/off climate impacts on cooling water,0; 1,0,
GSw_CO2_Storage,Hydrogen / DAC / CO2 management,"Include costs from CO2 transport and storage. 0 includes no costs, positive values applied as $ per metric ton to captured CO2. Enter in $2004. Suggested range of values based on NETL 2019 report : 11 (base), 7 (low), 26 (high)",N/A,11,
GSw_CO2_pipeline_cost,Hydrogen / DAC / CO2 management,Set capex cost for CO2 Pipeline. 2004$/(tonne-mi)/hr. Suggested value: 2257,N/A,2257,
GSw_CO2_pipeline_fom,Hydrogen / DAC / CO2 management,Set FOM cost for CO2 Pipeline. 2004$/(tonne-mi)/hr-yr. Suggested value: 60,N/A,60,
GSw_CO2_spurline_cost,Hydrogen / DAC / CO2 management,Set capex cost for CO2 Spurline. 2004$/(tonne-mi)/hr. Suggested value: 2257,N/A,2257,
GSw_CO2_spurline_fom,Hydrogen / DAC / CO2 management,Set FOM cost for CO2 Spurline. 2004$/(tonne-mi)/hr-yr. Suggested value: 60,N/A,60,
GSw_CO2_Detail,Hydrogen / DAC / CO2 management,Switch to enable detailed representation CO2 transportation and storage,0; 1,0,
GSw_CO2_CostAdj,Hydrogen / DAC / CO2 management,multiplier for co2 infrastructure when Sw_CO2_Detail = 1,float,1,
GSw_CO2_BEC,Hydrogen / DAC / CO2 management,"Break even cost capacity factor assignment. Must be a suffix to ""bec_"" in the columns of co2_site_char.csv",N/A,70,
GSw_CoalIGCC,Technology availability / representation,Turn on/off COAL IGCC,0; 1,1,
GSw_CoalNew,Technology availability / representation,Turn on/off coal new,0; 1,1,
GSw_CofireNew,Technology availability / representation,Turn on/off cofire-new,0; 1,0,
GSw_CoolingTechMults,Water / climate impacts,Turn on/off to enable cooling tech cost/performance multipliers,0; 1,1,
GSw_CSAPR,Policy / emissions constraints,Turn on/off the CSAPR emissions regulation,0; 1,1,
GSw_CSP,Technology availability / representation,Turn on/off CSP [0=no CSP; 1=1 CSP tech; 2=2 CSP techs],0,0,
GSw_CSPRemoveLow,Renewable resource / siting, Remove the lowest quality CSP resource [0=do not remove; 1=remove],0; 1,1,
GSw_CSP_Types,Technology availability / representation,'_'-delimited CSP types to include (i.e. 1 or 1_2 or 1_2_3),(1|1_2|1_2_3),1,
GSw_CurtMarket,Model formulation / numerical controls,Price paid (in 2004$/MWh) for curtailed VRE,N/A,0,
GSw_DAC,Hydrogen / DAC / CO2 management,"Turn on or off the representation of direct air capture [0 = off, 1 = on with projection specified by dacscen]",0; 1,0,
GSw_DAC_Gas,Hydrogen / DAC / CO2 management,"Turn on or off the representation of gas fueled direct air capture [0 = off, 1 = projection specified with GSw_DAC_Gas_Case]",0; 1,0,
GSw_DAC_Gas_Case,Hydrogen / DAC / CO2 management,DAC gas parameterization case (See inputs/consume/dac_gas_[GSw_DAC_Gas_Case].csv),BVRE_2021_(high|mid|low),BVRE_2021_mid,
GSw_distpv,Demand / load / flexibility,Turn on/off distpv,0;1,1,
GSw_DRShed,Demand / load / flexibility, switch to turn on/off demand response shed resource,0;1,0,
GSw_EFS_Flex,Demand / load / flexibility,Switch for turning EFS load flexibility on or off,0,0,
GSw_EFS2_FlexCase,Demand / load / flexibility,"Case used for electrification flex_type - format is {1}_{2}, where 1 in [EFS_REFERENCE, EFS_MEDIUM, EFS_HIGH, EFS_Clean2035] and 2 in [Baseflex, Currentflex, Enhancedflex, Uberflex1, Uberflex2]",N/A,EFS_MEDIUM_EnhancedflexStretch2046,
GSw_EVMC,Demand / load / flexibility,Turn on adoptable EV managed charging,0; 1,0,
GSw_FakeData,Test data shortcut - Pipeline toggle,Use fake capacity factor profiles (for TESTING ONLY when you do not want to download the real CF data),^[0-1]$,0,
GSw_ForcePrescription,Model formulation / numerical controls,Turn on/off forced prescriptions - turning off will allow unlimited but not free builds in historical years,0; 1,1,
GSw_FuelCell,Technology availability / representation,Turn on/off fuel cells (natural gas / H2) as a technology option,0; 1,0,
GSw_FutureHydCF_RepYears,Water / climate impacts,_-delimited years of historical hydro plant data from which to calculate capacity factors representing future hydro,N/A,2007_2008_2009_2010_2011_2012_2013_2016_2017_2018_2019_2020_2021_2022,
GSw_GasCurve,Fuel / commodity prices,"Select natural gas supply curve (0 = cendiv, 1 = national + cendiv, 2 = static, 3 = national)",0; 1; 2; 3,1,
GSw_GasCC_H_1x1,Technology availability / representation,Turn on/off both gas-CC_H_1x1 and gas-CC_H_1x1-CCS_mod/max plant options,0; 1,0,
GSw_GasCC_H_2x1,Technology availability / representation,Turn on/off both gas-CC_H_2x1 and gas-CC_H_2x1-CCS_mod/max plant options,0; 1,0,
GSw_GasCT_Aero,Technology availability / representation,Turn on/off gas-CT_aeroderivative technology option,0; 1,0,
GSw_GasSector,Fuel / commodity prices,Select sector scope of gas curves,electric_sector; energy_sector,electric_sector,
GSw_GenMandate,Policy / emissions constraints,Turn on/off national Gen Requirement. 2 turns on and applies constraint at busbar.,0; 1; 2,0,
GSw_GenMandateList,Policy / emissions constraints,Select technology list for national generation standard (see inputs/national_generation/nat_gen_tech_frac.csv),RE; Nuclear; NuclearCCS,RE,
GSw_GenMandateScen,Policy / emissions constraints,Select trajectory for national generation standard (see inputs/national_generation/gen_mandate_trajectory.csv),N/A,100_2035,
GSw_Geothermal,Technology availability / representation,"Geothermal can be turned off [0], left to the default representation [1], or have an extended representation [2]",0; 1; 2,1,
GSw_gopt,Run setup / execution,Select opt file to be used,N/A,1,
GSw_GrowthAbsCon,Model formulation / numerical controls,Turn on/off absolute growth constraint,0; 1,0,
GSw_GrowthConLastYear,Model formulation / numerical controls,The last year that the growth constraint (GSw_GrowthAbsCon) is applied (if it is turned on),int,2026,
GSw_GrowthPenalties,Model formulation / numerical controls,Turn on/off relative growth penalties,0; 1,0,
GSw_GrowthPenLastYear,Model formulation / numerical controls,The last year that the growth penalty (GSw_GrowthPenalties) is applied (if it is turned on),int,2034,
GSw_GWP,Policy / emissions constraints,Global warming potential for CH4 and N2O; either a string specifying IPCC report and timeline (like AR6-100 for 100-year value from IPCC AR6) or a string in the format CH4_{value}/N2O_{value} (for example: CH4_29.8/N2O_273) for arbitrary CH4 and N2O values,AR4-100; AR4-20; AR5-100; AR5-20; AR6-100; AR6-20; CH4_\d*\.?\d+\/N2O_\d*\.?\d+,AR6-100,
GSw_H2,Hydrogen / DAC / CO2 management,Turn on/off the representation of hydrogen supply/demand balance at a national level without storage (1) or at a regional level with storage (2),0; 1; 2,2,
GSw_H2_CompressorLoad,Hydrogen / DAC / CO2 management,Turn on/off the accounting of electric loads from compressors used to operate the hydrogen transport network, 0; 1,0,
GSw_H2_Demand_Case,Hydrogen / DAC / CO2 management,H2 demand case as indicated by the column headers in inputs/consume/h2_exogenous_demand.csv,none; BAU; Aggressive; Decarb; Decarb_with_BAU; LTS,none,
GSw_H2_Inputs,Hydrogen / DAC / CO2 management,Input file suffix for H2 inputs,ref; low,ref,
GSw_H2_IntraReg_Transport,Hydrogen / DAC / CO2 management,if non-zero specifies the flat cost for intra-ReEDS BA hydrogen transport in 2004$/kg H2 produced. Recommended value is $0.32/kg per https://liftoff.energy.gov/wp-content/uploads/2023/05/20230523-Pathways-to-Commercial-Liftoff-Clean-Hydrogen.pdf pg 15 for transport costs,float,0.32,
GSw_H2_MinStorHours,Hydrogen / DAC / CO2 management,Minimum H2 storage duration required by zone (only used when GSw_H2=2),N/A,24,
GSw_H2_PTC,Financials / incentives,"Turn on/off the representation of the hydrogen production tax credit, also known as 45V in the US tax code",0; 1,1,
GSw_H2_SMR,Hydrogen / DAC / CO2 management,Turn on/off steam methane reforming (SMR) for hydrogen production,0; 1,0,
GSw_H2_StorTimestep,Hydrogen / DAC / CO2 management,Indicate resolution at which to model H2 storage level: 1=rep period; 2=timeslice,0; 1; 2,1,
GSw_H2_Transport,Hydrogen / DAC / CO2 management,Indicate whether to allow interregional H2 transport via pipelines (only has an effect if GSw_H2=2),0; 1,0,
GSw_H2_TransportLevel,Hydrogen / DAC / CO2 management,hierarchy level within which to allow H2 pipelines,r; nercr; transreg; transgrp; cendiv; st; interconnect; country; usda_region,cendiv,
GSw_H2_TransportUniform,Hydrogen / DAC / CO2 management,"Option to override H2 storage/transport costs. Value of 0 (default) defers to default tech-specific, time-varying cost settings specified via H2 inputs when GSw_H2=1 or the H2 nework costs when GSw_H2=2. Specify in $2004 per metric ton.",N/A,0,
GSw_H2Combustion,Hydrogen / DAC / CO2 management,Switch to turn on/off H2CT and H2CC techs,0; 1,1,
GSw_H2Combustionupgrade,Hydrogen / DAC / CO2 management,Indicate whether to allow gas-CC and gas-CT to upgrade to H2-CT and H2-CC,0; 1,1,
GSw_H2CombinedCycle,Hydrogen / DAC / CO2 management,Indicate whether to allow H2-CC,0; 1,1,
GSw_H2LeakageScen,Hydrogen / DAC / CO2 management,Scenarios of H2 leakage rates from upstream and process of producing electricity by technology; scenario name options from emission_constraints/h2_leakage_rate.csv,N/A,Fan_et_al_2022/Med,
GSw_HourlyChunkAggMethod,Operating reserves / hourly chronology,How to aggregate CF and load within the chunks specified by GSw_HourlyChunkLengthRep (if set to anything other than 'mean' this switch overrides GSw_PRM_StressLoadAggMethod) (ties for mid are broken by the later hour; i.e. for 4-hour chunks and a setting of 'mid' the 3rd hour is used) (if an integer is provided the index starts at 1; i.e. 1 is the 1st hour),(mean|mid|\d),mean,
GSw_HourlyChunkLengthRep,Operating reserves / hourly chronology,Length of representative-period dispatch timeslices in hours; must be divisible into 24,1; 2; 3; 4; 6; 8; 12; 24,3,
GSw_HourlyChunkLengthStress,Operating reserves / hourly chronology,Length of stress-period dispatch timeslices in hours; must be divisible into 24,1; 2; 3; 4; 6; 8; 12; 24,3,
GSw_HourlyClusterAlgorithm,Operating reserves / hourly chronology,Algorithm to use for period selection; options are 'hierarchical' or 'optimized' or 'kmeans' or 'kmedoids' or something containing the substring 'user',N/A,optimized,
GSw_HourlyClusterLoadNorm,Operating reserves / hourly chronology,Method for normalizing load profile for use in representative period selection: none = no norm; regionmax = each region divided by its max; maxmax = each region divided by max across all regions; maxmin = each region divided by smallest max across all regions; float = maxmin * float,N/A,regionmax,
GSw_HourlyClusterRegionLevel,Operating reserves / hourly chronology,Indicate the region hierarchy level at which to aggregate RE profiles for clustering,nercr; transreg; transgrp; cendiv; st; interconnect; country; usda_region; ccreg,transgrp,
GSw_HourlyClusterWeights,Operating reserves / hourly chronology,/-delimited relative weights for load and RE profiles used in clustering,^load_\d*.?\d+\/upv_\d*.?\d+\/wind-ons_\d*.?\d+\/wind-ofs_\d*.?\d+$,load_1/upv_1/wind-ons_1/wind-ofs_0,
GSw_HourlyClusterYear,Operating reserves / hourly chronology,Year to use when clustering EFS and/or climate-modified data,N/A,2035,
GSw_HourlyClusterTimestep,Operating reserves / hourly chronology,Indicate the time resolution to use in clustering algorithm (period=day or wek depending on GSw_HourlyType),hour; period,period,
GSw_HourlyMinRElevel,Operating reserves / hourly chronology,Indicate the region hierarchy level at which to include minimum wind and solar capacity factor days (or False to ignore min-wind/solar CF days),false; False; FALSE; r; nercr; transreg; transgrp; cendiv; st; interconnect; country; usda_region; ccreg,interconnect,
GSw_HourlyNormProfiles,Operating reserves / hourly chronology,Indicate whether to normalize load/wind/solar profiles before identification of representative periods,0; 1,0,
GSw_HourlyNumClusters,Operating reserves / hourly chronology,Number of clusters to create (i.e. number of representative days or weks),int,33,
GSw_HourlyPeakLevel,Operating reserves / hourly chronology,Indicate the region hierarchy level at which to include peak coincident load days (or False to ignore peaks),false; False; FALSE; r; nercr; transreg; transgrp; cendiv; st; interconnect; country; usda_region; ccreg,interconnect,
GSw_HourlyType,Operating reserves / hourly chronology,Indicate the type of representative period modeled (day=24-hour periods; wek=24×5=120-hour periods; year=8760-hour periods),day; wek; year,day,
GSw_HourlyWeatherYears,Operating reserves / hourly chronology,_-delimited years from which to construct weather profiles for energy/representative periods,N/A,2012,
GSw_HourlyWindow,Operating reserves / hourly chronology,Number of timeslices (GSw_HourlyChunkLengthRep hours long) to consider for minloading constraint,int,2,
GSw_HourlyWindowOverlap,Operating reserves / hourly chronology,Number of overlapping timeslices between adjacent GSw_HourlyWindow,int,1,
GSw_HourlyWrap,Operating reserves / hourly chronology,Switch to enable wrapping of final hour modeled in each representative period back to the first,0; 1,1,
GSw_HourlyWrapLevel,Operating reserves / hourly chronology,Indicate whether to wrap storage over full year or over seasons (only used for chronological 8760),season; year,year,
GSw_HybridPlant,Storage / hybrid resources,"0=Ban all storage, including CSP, 1=Allow CSP, ban all other storage, 2=Allow hybrid plants, excluding CSP, 3=Allow CSP and all other hybrid plants",0; 1; 2; 3,3,
GSw_hydED,Water / climate impacts,Turn on/off other hydro technologies except for hydED,0; 1,1,
GSw_HydroAddPumpDispUpgSwitch,Technology availability / representation,Turn on/off availability of hydro upgrades to add pumping or dispatchability,0; 1,0,
GSw_HydroCapEnerUpgradeType,Technology availability / representation,"1=coupled capacity/energy upgrades, 2=independent capacity/energy upgrades",1; 2,1,
GSw_HydroCostAddDispatch,Technology availability / representation,Cost of hydro upgrade to dispatchable (2004$/MW),N/A,309000,
GSw_HydroCostAddPump,Technology availability / representation,Cost of hydro upgrade to pumped (2004$/MW),N/A,998000,
GSw_HydroCostFracCapUp,Technology availability / representation,Fraction of upgrade cost assigned to capacity (only used if GSw_HydroUpgrade=1),float,0.8,
GSw_HydroCostFracEnerUp,Technology availability / representation,Fraction of upgrade cost assigned to energy (only used if GSw_HydroUpgrade=1),float,0.8,
GSw_HydroPSHDurData,Technology availability / representation,Turn on/off use of regional storage duration for existing PSH fleet,0; 1,1,
GSw_HydroStorInMaxFrac,Technology availability / representation,"max storage_in as fraction of capacity for psh (numerical values apply to all PSH, set to 'data' to use input file)",N/A,data,
GSw_HydroStorInMinLoad,Technology availability / representation,min loading frac for storage_in for psh,N/A,0,
GSw_HydroUpgradeCapMult,Technology availability / representation,multiplier on hydro upgrade capacity,float,1,
GSw_HydroUpgradeCostMult,Technology availability / representation,multiplier on hydro upgrade cost,float,1,
GSw_HydroVarPumpCostRatio,Technology availability / representation,fractional capital cost multiplier for new PSH with variable speed pumps relative to fixed speed,float,1.1,
GSw_Int_CC,Resource adequacy / PRM / PRAS,"Select intertemporal CC method (0=average undifferentiated, 1=average differentiated , 2=marginal differentiated)",0; 1; 2,0,
GSw_Int_Curt,Resource adequacy / PRM / PRAS,"Select intertemporal Curt method (0=average undifferentiated, 1=average differentiated , 2=marginal undifferentiated, 3=marginal differentiated)",0; 1; 2; 3,0,
GSw_InterDayLinkage,Storage / hybrid resources,Turn on (1) or off (0) the ability for interday storage techs (specified in tech-subset-table.csv) to shift energy between representative days (non-interday techs are unaffected),0; 1,0,
GSw_LfillGas,Technology availability / representation,Turn on/off lfill-gas,0; 1,1,
GSw_LoadProfiles,Demand / load / flexibility,Name of demand profile matching `inputs/profiles_demand/demand_{GSw_LoadProfiles}.h5` OR an absolute filepath to an EER-formatted demand .h5 file,^(historic|EFS_REFERENCE|EFS_MEDIUM|EFS_HIGH|EFS_Clean2035|EFS_Clean2035clip1pct|EFS_Clean2035_LTS|EFS_MEDIUMStretch2040|EFS_MEDIUMStretch2046|EER2023_Baseline_AEO2022|EER2023_IRAlow|EER2023_IRAmoderate|EER2023_100by2050|EER2025_Baseline_AEO2023|EER2025_IRAlow|EER2025_100by2050|\/.+|[a-zA-Z]:[\\\/].+)$,EER2025_IRAlow,
GSw_LoadAllocationMethod,Demand / load / flexibility,"How to allocate state-level load to model regions ('population' uses each region's share of state population, 'state_lpf' uses county-state load participation factors calculated from the NARIS nodal network dataset)",population; state_lpf,population,
GSw_Loadpoint,Model formulation / numerical controls,Switch to use or disable a loadpoint for the intertemporal solve after the first iteration,0; 1,0,
GSw_LoadSiteCF,Demand / load / flexibility,Annual capacity factor of optimally sited load (if 0 then optimally sited load is turned off; if between 0 and 1 then load is flexible (obeying stress period weight); if 1 then load is inflexible),float,0,
GSw_LoadSiteRA,Resource adequacy / PRM / PRAS,Include optimally sited load in PRAS resource adequacy metrics if set to 1 and GSw_LoadSiteCF=1,0; 1,1,
GSw_LoadSiteTrajectory,Demand / load / flexibility,inputs/load/loadsite_{GSw_LoadSiteTrajectory={hierarchy level}_{identifier}}.csv file indicating load to be optimally sited (only used if GSw_LoadSiteCF>0),^(nercr|transreg|transgrp|cendiv|st|interconnect|country|usda_region)_.*$,country_test,
GSw_MaxCaptureCCSTechs,Hydrogen / DAC / CO2 management,Switch to enable max capture (_max) CCS techs in addition to _mod. Note that you’ll need to add your own cost and performance for Gas-CC-CCS_max and coal-CCS_max,0; 1,0,
GSw_MaxDailyCF,Model formulation / numerical controls,Turn on/off daily maximum capacity factor constraint,0; 1,1,
GSw_MethaneLeakageScen,Policy / emissions constraints,Fractional leakage of methane from upstream natural gas production: either float (fixed rate) or scenario name from emission_constraints/methane_leakage_rate.csv,N/A,Alvarez2018_30by2030,
GSw_MGA_CostDelta,Model formulation / numerical controls,MGA: Fraction by which to allow objective function to increase when using Modeling to Generate Alternatives (MGA is turned off if set to 0; a common choice for MGA is 0.01),float,0,
GSw_MGA_Direction,Model formulation / numerical controls,MGA: Directionality of second optimization,(min|max),min,
GSw_MGA_Objective,Model formulation / numerical controls,MGA: Objective for MGA (uses GSw_MGA_SubObjective to specify technology subset if set to capacity),(capacity|transmission|rasharing|co2),rasharing,
GSw_MGA_SubObjective,Model formulation / numerical controls,MGA: Technology subset to minimize or maximize the capacity of (only used for GSw_MGA_Objective=capacity),(battery|ccs|coal|dac|fossil|gas|geo|h2_combustion|hydro|nuclear|ofswind|onswind|pv|re|storage|upv|vre|wind),storage,
GSw_MinCF,Model formulation / numerical controls,Turn on/off regional min CF constraint (applied at i/r level),0; 1,1,
GSw_Mingen,Model formulation / numerical controls,Turn on/off min-gen constraints by r/h/szn,0; 1,0,
GSw_MingenFixed,Model formulation / numerical controls,Turn on/off fixed min-gen constraints,0; 1,1,
GSw_MinLoading,Model formulation / numerical controls,Turn on/off the min-loading constraint by i/v/r/h,0; 1,0,
GSw_MinLoadTechs,Model formulation / numerical controls,Specify collection of techs to which to apply min-gen and min-loading constraints (0=none; 1=all; 2=all except geo/csp/lfill; 3=only nuclear/hydro; 4=only steam boiler/hydro),0; 1; 2; 3; 4,4,
GSw_NewValCapShrink,Post-solve processing - Pipeline toggle,switch to shrink valcap and related conditioning sets post-solve,0; 1,0,
GSw_NG_CRF_penalty,Fuel / commodity prices,Specify the scenario used for the natural gas CRF penalty,none; ramp_2023_2035; ramp_2045; ramp_2050; reverseramp_2022_2030; reverseramp_high_2022_2030,none,
GSw_NoFossilOffsetCDR,Policy / emissions constraints,If on (=1) then CO2 removal from DAC/BECCS is only allowed to offset emissions from fossil+CCS and methane leakage,0; 1,0,
GSw_Nuclear,Technology availability / representation,Turn on/off new nuclear (existing nuclear still remains),0; 1,1,
GSw_NuclearDemo,Technology availability / representation,Turn on or off nuclear demonstration plants,0; 1,0,
GSw_NuclearSMR,Technology availability / representation,Turn on [1] / off [0] Nuclear-SMR,0; 1,1,
GSw_NukeCoalFOM,Technology availability / representation,Turn on or off nuclear and coal FOM adders similar to NEMS,0; 1,1,
GSw_NukeFlex,Technology availability / representation,"Switch to enable more flexible nuclear operations (lower mingen, higher ramp rate)",0; 1,0,
GSw_NukeNoRetire,Retirement / refurbishment / upgrades,Switch to prevent nuclear from retiring before the year in GSw_NukeNoRetireYear has passed,0; 1,1,
GSw_NukeNoRetireYear,Retirement / refurbishment / upgrades,If GSw_NukeNoRetire is enabled nuclear cannot retire through the end of this year,N/A,2032,
GSw_NukeStateBan,Policy / emissions constraints,Switch to limit nuclear with state bans. [0] off / [1] full ban / [2] cost multiplier,0; 1; 2,1,
GSw_NukeStateBanCostMult,Policy / emissions constraints,Cost multiplier to represent state nuclear bans if the cost multiplier approach is selected,float,1.5,
GSw_NumCSPclasses,Renewable resource / siting,Number of resource classes for CSP,1; 2; 3; 4; 5; 6; 7; 8; 9; 10; 11; 12,12,
GSw_NumGeoclasses,Renewable resource / siting,Number of resource classes for Geothermal,1; 2; 3; 4; 5; 6; 7; 8; 9; 10,9,
GSw_OffshoreBackbone,Transmission / spur infrastructure,Offshore zones can connect to other offshore zones,0; 1,0,
GSw_OffshoreBackflow,Transmission / spur infrastructure,Power can flow from land zones to offshore zones (allowing use of offshore transmission independent of offshore wind generation),0; 1,0,
GSw_OffshoreZones,Spatial scope / aggregation,Add new model zones for offshore resources,0; 1,0,
GSw_OfsWind,Technology availability / representation,Turn on/off offshore wind,0; 1,1,
GSw_OfsWindForceScen,Technology availability / representation,Scenario for state offshore mandates. Select {suffix} from state_policies/offshore_req_{suffix}.csv. Only active if GSw_StateRPS is on,N/A,default,
GSw_OnsWind6to10,Technology availability / representation,Turn on/off onshore wind 6-10,0; 1,1,
GSw_OpRes,Operating reserves / hourly chronology,Turn on/off operating reserve constraints (0/1) or use simplified version (2),0; 1; 2,2,
GSw_OpResCost,Operating reserves / hourly chronology,"Case used to select values used for the cost of operating reserves (e.g. default, market)",default; market,default,
GSw_OpResPeriods,Operating reserves / hourly chronology,Indicate which periods the operating reserve constraint should apply within (representative = clustered; stress/peakload/minre refer to peak load & min-RE periods) (has no effect for GSw_HourlyType=year),representative; all; stress; peakload; minre; peak; vre,peakload,
GSw_OpResReqMult,Operating reserves / hourly chronology,Multiplier for total reserve requirement (default=1),float,1,
GSw_OpResTradeMult,Operating reserves / hourly chronology,Multiplier on opres flow in transmission constraint (default=1),float,1,
GSw_OpResTradeLevel,Operating reserves / hourly chronology,hierarchy level within which to allow opres trading,r; nercr; transreg; transgrp; cendiv; st; interconnect; country; usda_region,transreg,
GSw_OutageScen,Resource adequacy / PRM / PRAS,Scenario for forced outage rates,static; murphy2019,murphy2019,
GSw_PRM_CapCredit,Resource adequacy / PRM / PRAS,Use capacity credit formulation if 1 and stress period formulation if 0,0; 1,0,
GSw_PRM_CapCreditHours,Resource adequacy / PRM / PRAS,Number of peak net load hour per ccseason considered in capacity credit calculations,int,20,
GSw_PRM_CapCreditMulti,Resource adequacy / PRM / PRAS,Whether capacity credit is for multi-year (1) or 2012 only (0),0; 1,1,
GSw_PRM_CapCreditSeasons,Resource adequacy / PRM / PRAS,Season definition to use for capacity credit (2season is hot 4/15-10/14 and cold 10/15-4/14; 4season is meteorological seasons,2season; 4season; 12month,2season,
GSw_PRM_hierarchy_level,Resource adequacy / PRM / PRAS,hierarchy level within which to calculate peak demand,r; nercr; transreg; transgrp; cendiv; st; interconnect; country; usda_region,nercr,
GSw_PRM_NetImportLimit,Resource adequacy / PRM / PRAS,Turn on (1) or off (0) the eq_firm_transfer_limit constraint on max firm net imports (NOTE: This constraint is only applied during stress periods in ReEDS; it is not applied in PRAS),0; 1,1,
GSw_PRM_NetImportLimitScen,Resource adequacy / PRM / PRAS,/-delimited list of {year}_{max percent import OR 'hist' for historical percent OR 'histmax' for max historical percent across all regions} values to use in eq_firm_transfer_limit,N/A,2031_hist/2050_100,
GSw_PRM_scenario,Resource adequacy / PRM / PRAS,"column of inputs/reserves/prm_annual.csv from which to draw the PRM (""nerc"" means the annual values from the 2024 NERC LTRA; ""static"" means the 2024 values from the same source); or a float (like 0.12) which gets applied as a fraction to all regions in all years (0.12 means 12%)",(static|nerc|ramp2025_20by50|^\d*\.?\d+$),0.12,
GSw_PRM_StressIncrement,Resource adequacy / PRM / PRAS,How many stress periods to add per iteration,int,2,
GSw_PRM_StressIterateMax,Resource adequacy / PRM / PRAS,Max number of times to iterate on a given solve year to achieve GSw_PRM_StressThreshold when using stress periods (0 means don't iterate; 1 means 1 extra ReEDS run; etc),int,5,
GSw_PRM_StressLoadAggMethod,Resource adequacy / PRM / PRAS,How to aggregate load for stress periods within the chunks specified by GSw_HourlyChunkLengthStress (only used if GSw_HourlyChunkAggMethod=mean; otherwise GSw_HourlyChunkAggMethod is used),mean; max,max,
GSw_PRM_StressModel,Resource adequacy / PRM / PRAS,Model used to identify stress periods: pras or a string starting with 'user' which specifies a file at inputs/temporal/stressperiods_{GSw_PRM_StressModel}.csv,N/A,pras,
GSw_PRM_StressOutages,Resource adequacy / PRM / PRAS,Whether to apply the availability factor (forced + scheduled outages) during stress periods,0; 1,1,
GSw_PRM_StressSeedLoadLevel,Resource adequacy / PRM / PRAS,Region hierarchy level at which to include peak coincident load days as seeded stress periods (or False to ignore peaks),false; False; FALSE; r; nercr; transreg; transgrp; cendiv; st; interconnect; country; usda_region; ccreg,transgrp,
GSw_PRM_StressSeedMinRElevel,Resource adequacy / PRM / PRAS,Region hierarchy level at which to include minimum wind and solar capacity factor days as seeded stress periods (or False to ignore min-wind/solar CF days),false; False; FALSE; r; nercr; transreg; transgrp; cendiv; st; interconnect; country; usda_region; ccreg,interconnect,
GSw_PRM_StressStorageCutoff,Resource adequacy / PRM / PRAS,"How to select ""shoulder"" stress periods giving storage time to recharge before/after high-unserved-energy periods. Two-part switch separated by _. The first argument is ""EUE"" or ""capacity"" or ""absolute"". If ""EUE"" the second argument specifies a PRAS storage headspace / EUE threshold [fraction]; if ""cap"" it specifies a headspace / storage capacity threshold [fraction]; if ""abs"" it specifies absolute number of periods before/after [integer]. Turned off if set to ""off"".",N/A,EUE_0.1,
GSw_PRM_StressThreshold,Resource adequacy / PRM / PRAS,/-delimited list of annual NEUE level [ppm] above which to re-solve the latest model year with new stress periods; formulated as HierarchyLevel_NEUEppm_StressMetric_PeriodAggMethod where HierarchyLevel is a column in hierarchy.csv; NEUEppm is normalized expected unserved energy in parts per million; StressMetric is EUE or NEUE (only used in period selection); PeriodAggMethod is 'sum' or 'max' over the hours in each period (only used in period selection) (see README.md for detailed notes),N/A,transgrp_1_EUE_sum,
GSw_PRM_UpdateFraction,Resource adequacy / PRM / PRAS,Fraction to add to the PRM if a region fails RA threshold (only used if GSw_PRM_UpdateMethod = 1),float,0.02,
GSw_PRM_UpdateMethod,Resource adequacy / PRM / PRAS,Option to update PRM: (0) no update; (1) static update set by GSw_PRM_UpdateFraction; (2) dynamic update informed by PRAS; (3) dynamic update but only after all new stress periods have been added,0; 1; 2; 3,0,
GSw_PRMTRADE_level,Resource adequacy / PRM / PRAS,hierarchy level within which to allow PRM trading,r; nercr; transreg; transgrp; cendiv; st; interconnect; country; usda_region,country,
GSw_PSHfillyears,Storage / hybrid resources,switch to define the number of years it is assumed to take to fill PSH reservoirs [only relevant with water constraints active],N/A,3,
GSw_PSHwatertypes,Storage / hybrid resources,switch to define what types of water is available for filling PSH reservoirs (0=fresh surface/ground water; 1=fresh surface water; 2=all types except saline surface water) [only relevant with water constraints active],0; 1; 2,0,
GSw_PSHwatercon,Storage / hybrid resources,binary switch to turn water constraints for PSH on and off,0; 1,0,
GSw_PVB,Storage / hybrid resources,Turn on/off hybrid PV+Battery,0; 1,0,
GSw_PVB_BIR,Storage / hybrid resources,'_'-delimited battery/inverter capacity ratio for the three PVB types expressed as a percentage [e.g. 50_75_100],N/A,25,
GSw_PVB_Dur,Storage / hybrid resources,Hybrid PV+Battery duration; the battery portion will use the same inputs as battery_li,N/A,4,
GSw_PVB_ILR,Storage / hybrid resources,'_'-delimited inverter loading ratio for the three PVB types expressed as a percentage [e.g. 130_180_240],N/A,134,
GSw_PVB_BatteryITC,Financials / incentives,Switch to apply ITC to battery in PV+B.,0; 1,1,
GSw_PVB_Charge_Constraint,Storage / hybrid resources,Fraction of battery charging in PV+B that is constrained to be from coupled PV; a value of zero turns off the constraint.,N/A,0,
GSw_PVB_Types,Storage / hybrid resources,'_'-delimited PV+battery types to include (i.e. 1 or 1_2 or 1_2_3),N/A,1,
GSw_ReducedResource,Renewable resource / siting,Turn on/off switch to reduce the RE resource available,0; 1,0,
GSw_Refurb,Retirement / refurbishment / upgrades,Turn on/off refurbishments,0; 1,1,
GSw_RemoveSmallNumbers,Model formulation / numerical controls,Turn on/off rounding of variables known to cause very small values on the RHS of certain constraints (improve numerical stability),0; 1,1,
GSw_RetailAdder,Hydrogen / DAC / CO2 management,2004$/MWh adder to the cost of electricity consumed by hydrogen production and DAC facilities,float,0,
GSw_Retire,Retirement / refurbishment / upgrades,Endogenous retirement: 0 = no endogenous retirement; 1 = any existing plants can retire; 2 = only existing coal/gas can retire; 3 = new/existing nuclear/coal/gas can retire after minimum age; 4 = new/existing plants of any tech can retire; 5 = same as 3 but nuclear can only retire after 2030,0; 1; 2; 3; 4; 5,5,
GSw_RetirePenalty,Retirement / refurbishment / upgrades,Apply a penalty for retiring a power plant early to represent retirement friction,0; 1,1,
GSw_RetireYear,Retirement / refurbishment / upgrades,Year to begin endogenous retirements,N/A,2027,
GSw_RetireYears_Coal,Retirement / refurbishment / upgrades,"Adjust lifetime coal retirements [0 = coal retirements straight from EIA unit database, negative number = number of years decreased in the lifteime of currrently operating coal plants, positive number = number of years increased in the lifetime of all currently operating coal units]. This switch is ignored if GSw_RetireYears_Thermal (below) is non-zero since GSw_RetireYears_Thermal adjusts retirement years of all thermal units including coal units.",int,0,
GSw_RetireYears_Thermal,Retirement / refurbishment / upgrades,"Adjust lifetime thermal retirements [0 = thermal retirements straight from EIA unit database, negative number = number of years decreased in the lifteime of currrently operating thermal plants, positive number = number of years increased in the lifetime of all currently operating thermal units]",int,0,
GSw_RGGI,Policy / emissions constraints,Turn on/off RGGI,0; 1,1,
GSw_SitingGeo,Renewable resource / siting,Specify the Geothermal siting scenario,reference,reference,
GSw_SitingUPV,Renewable resource / siting,Specify the UPV siting scenario,open; reference; limited,reference,
GSw_SitingWindOfs,Renewable resource / siting,Specify the offshore wind siting scenario,open; reference; limited,reference,
GSw_SitingWindOns,Renewable resource / siting,Specify the onshore wind siting scenario,open; reference; limited,reference,
GSw_SkipAugurYear,Resource adequacy / PRM / PRAS,Last year in which to skip running the Augur module,N/A,2020,
GSw_SpurCostMult,Transmission / spur infrastructure,Multiplier for spur-line costs,float,1,
GSw_SpurScen,Transmission / spur infrastructure,Spur-line scenario: 0 to include in resource supply curve; 1 to model endoegenously,0; 1,0,
GSw_SpurShare,Transmission / spur infrastructure,Indicate whether wind-ons and upv are allowed to share spur line capacity,0; 1,0,
GSw_StartMarkets,Temporal / solve structure,Indicate year in which load-balance and operating-reserve constraints start to be enforced,N/A,2026,
GSw_StartCost,Model formulation / numerical controls,Technologies with startup costs (0=none; 1=nuclear; 2=nuclear/coal/ccs; 3=coal/ccs; 4=coal/cc/ccs; 5=all fuel-based except nuclear; 6=all fuel-based) (default is to leave out nuclear since it's always committed with GSw_MingenFixed=1),0; 1; 2; 3; 4; 5; 6,4,
GSw_StateCap,Policy / emissions constraints,Turn on/off state cap and trade constraints,0; 1,1,
GSw_StateRPS,Policy / emissions constraints,Turn on/off state RPS requirements,0; 1,1,
GSw_StateRPS_Carveouts,Policy / emissions constraints,Turn wind and solar carveouts off/on,0;1,0,
GSw_StateCO2ImportLevel,Policy / emissions constraints,Hierarchy level within which to calculate CO2 emissions rate [metric ton/MWh] for state CO2 caps,r; nercr; transreg; cendiv; st; interconnect; country; usda_region,interconnect,
GSw_Storage,Storage / hybrid resources,0=ban storage; 1=use all standalone storage techs,0; 1,1,
GSw_StorageBinPenalty,Resource adequacy / PRM / PRAS,Turn on/off the storage bin penalty for the PRM method (when on results in better firm capacity outputs),0; 1,1,
GSw_TCPhaseout,Financials / incentives,Switch for whether tax credit Phaseout is enabled (0=no; 1=yes),0; 1,1,
GSw_TCPhaseout_forceyear,Financials / incentives,(0=off by default) Indicate a year in which to force the start of the tax credit phaseout,N/A,2032,
GSw_TCPhaseout_ref_year,Financials / incentives,The reference year used to determine whether the trigger for the tax credit phaseout threshold has been hit (with 100by),N/A,2022,
GSw_TCPhaseout_schedule,Financials / incentives,The schedule by which the tax credits phase out. This assumes that the phaseout schedule starts on the year after the threshold is met. The phaseout may still have a period of full credit after the trigger has been met depending on the policy definition.,ira2022,ira2022,
GSw_TCPhaseout_start,Financials / incentives,Earliest allowed Applicable Year for the tax credit phaseout. The tax credit phaseout schedule starts on the year following this year; or later if the emission threshold is not met by this year,N/A,2032,
GSw_TCPhaseout_trigger_f,Financials / incentives,The fraction of emissions from the ref year used to determine whether the trigger for the tax credit phaseout has been hit,float,0.25,
GSw_TransCapMaxEachType,Transmission / spur infrastructure,[GW] maximum transmission capacity allowed across each individual BA-BA interface for each trtype (constraint is off if set to 0; must be 0 or >= existing capacity (26.13 for AC)),N/A,0,
GSw_TransCapMaxAllTypes,Transmission / spur infrastructure,[GW] maximum transmission capacity allowed across each individual BA-BA interface for all trtypes together (constraint is off if set to 0; must be 0 or >= existing capacity (26.13 for AC)),N/A,0,
GSw_TransCapMaxTypes,Transmission / spur infrastructure,Transmission types to limit according to GSw_TransCapMaxEachType and GSw_TransCapMaxAllTypes [0 = none; 1 = all; 2 = VSC; 3 = all DC],0; 1; 2; 3,1,
GSw_TransIntraCost,Transmission / spur infrastructure,[USD2004/kW] intra-zone network reinforcement cost for all technologies (100 USD2022/kW using gas cost from slide 14 of https://emp.lbl.gov/publications/generator-interconnection-costs),N/A,65,
GSw_TransInvMaxLongTerm,Transmission / spur infrastructure,[TW-mile/year] maximum transmission capacity investment per year IN/AFTER firstyear_trans_longterm (constraint is OFF if set to 0 meaning unlimited trans investment; annual max since 2009 is ~3.64),N/A,0,
GSw_TransInvMaxNearTerm,Transmission / spur infrastructure,[TW-mile/year] maximum transmission capacity investment per year BEFORE firstyear_trans_longterm (constraint is OFF if set to 0 meaning unlimited trans investment; annual mean since 2009 is ~1.4),float,1.4,
GSw_TransInvNearTerm,Transmission / spur infrastructure,Indicate whether to allow transmission investment before firstyear_trans_longterm,0; 1,0,
GSw_TransInvMaxTypes,Transmission / spur infrastructure,Types of transmission to include in annual investment limit: 0=none; 1=interzonal (r); 2=interzonal + reinforcement; 3=interzonal + reinforcement + spur,0; 1; 2; 3,1,
GSw_TransInvPRMderate,Transmission / spur infrastructure,[fraction] amount by which to derate the capacity of new transmission investments for PRM trading (0 = no derate),float,0.15,
GSw_TransCostMult,Transmission / spur infrastructure,Multiplier for bulk BA-BA transmission costs,float,1,
GSw_TransHurdleLevel1,Transmission / spur infrastructure,Apply hurdle rates from inputs/transmission/cost_hurdle_intra.csv between regions at the specified hierarchy level,r; nercr; transreg; transgrp; cendiv; st; interconnect; country; usda_region; hurdlereg,transgrp,
GSw_TransHurdleLevel2,Transmission / spur infrastructure,Apply hurdle rates from inputs/transmission/cost_hurdle_intra.csv between regions at the specified hierarchy level,r; nercr; transreg; transgrp; cendiv; st; interconnect; country; usda_region; hurdlereg,hurdlereg,
GSw_TransHurdleRate,Transmission / spur infrastructure,Turn on (1) or off (0) hurdle rates between hierarchy regions as defined by GSw_TransHurdleLevel1/GSw_TransHurdleLevel2 and inputs/transmission/cost_hurdle_intra.csv,0; 1,0,
GSw_TransNetworkSource,Transmission / spur infrastructure,Network source for the initial transmission network used in the model,NARIS2024,NARIS2024,
GSw_TransRestrict,Transmission / spur infrastructure,hierarchy level within which to allow new transmission lines,r; nercr; transreg; transgrp; cendiv; st; interconnect; country; usda_region,country,
GSw_TransScen,Transmission / spur infrastructure,Transmission expansion scenario (options in inputs/transmission),N/A,default,
GSw_TransSquiggliness,Transmission / spur infrastructure,Transmission distance multiplier to approximate the squigglier paths followed by actual lines (only applied to NEW lines),float,1,
GSw_TransUpgradeMethod,Transmission / spur infrastructure,Method for calculating AC transmission upgrade costs,500kv,500kv,
GSw_TransGroupContraint,Transmission / spur infrastructure,Indicate whether to apply flow constraint on groups of transmission interfaces,0; 1,1,
GSw_TransGroupDerate,Transmission / spur infrastructure,[fraction] amount by which to derate the capacity of grouped transmission flows for new transmission additions (0 = no derate),float,0.15,
GSw_Upgrades,Retirement / refurbishment / upgrades,Switch to turn upgrades on or off - not to be used with water constraints - value of 2 indicates persistent upgrades,0; 1; 2,1,
GSw_UpgradeLifespan,Retirement / refurbishment / upgrades,Lifespan for retirements when sw_upgrades is set to 1,N/A,50,
GSw_UpgradeYear,Retirement / refurbishment / upgrades,First year when upgrades are allowed,N/A,2028,
GSw_UpgradeChar_Year,Retirement / refurbishment / upgrades,Year from which to grab the characteristics for upgraded init-X plant characteristics,N/A,2028,
GSw_UpgradeDerate,Retirement / refurbishment / upgrades,Switch to turn upgrade degrades off/on,0; 1,1,
GSw_UpgradeHeatRateAdj,Retirement / refurbishment / upgrades,Use HeatRate for upgrades from NEMS,0; 1,1,
GSw_UpgradeATBCosts,Retirement / refurbishment / upgrades,Use ATB upgrade costs,0; 1,0,
GSw_UpgradeVOM_Nems,Retirement / refurbishment / upgrades,Use VOM for upgrades from NEMS ,0; 1,1,
GSw_UpgradeFOM_Nems,Retirement / refurbishment / upgrades,Use FOM for upgrades from NEMS,0; 1,1,
GSw_UpgradeCost_Mult,Retirement / refurbishment / upgrades,"specify scenario for controlling upgrades over time -  0=mid 1=adv 2=con, 3=1, 4=1+(1-mid), 5=1.2",0; 1; 2; 3; 4; 5,0,
GSw_Upstream,Policy / emissions constraints,Include both upstream and process emissions in CO2 and CO2e calculation if 1 and only process emission if 0,0; 1,0,
GSw_ValStr,Value streams - Pipeline toggle,Turn on/off value streams,0; 1,0,
GSw_VSC_ConverterMax,Transmission / spur infrastructure,maximum AC/DC converter capacity allowed in each BA [MW] (constraint is off if set to 0),N/A,0,
GSw_WaterCapacity,Water / climate impacts,Turn on/off the water capacity constraints,0; 1,0,
GSw_WaterMain,Water / climate impacts,Turn on/off the representation of water use and source types,0; 1,0,
GSw_WaterUse,Water / climate impacts,Turn on/off the water capacity and water use constraints,0; 1,0,
debug,Diagnostics - Pipeline toggle,Write and keep intermediate files and equation elements to help with debugging. The value of the switch is passed to `option limrow` and `option limcol` and indicates the number of equation and variable entries to print,int,0,
cleanup_level,Run setup / execution,How aggressively to clean up the case folder (see postprocessing/cleanup_files.py for explanation),int,0,
diagnose,Diagnostics - Pipeline toggle,Write A and B matrix of the model [0 = no diagnose ; 1 = diagnose ],0; 1,0,
diagnose_year,Diagnostics - Pipeline toggle,Year in which to start report diagnose,N/A,2022,
dump_alldata,Diagnostics - Pipeline toggle,switch to automatically dump data from final solve year into .gdx file,0; 1,0,
file_replacements,Run setup / execution,"List of files to replace from run folder, e.g: inputs_case/national_gen_frac.csv << //nrelnas01/ReEDS/some proj/national_gen_frac.csv || c_supplymodel.gms << //nrelnas01/ReEDS/some proj/c_supplymodel.gms",N/A,none,
input_processing_only,Run flow - Pipeline toggle,Only run input_processing scripts; stop before creating and solving model,0; 1,0,
keep_augur_files,PRAS/resource adequacy - Pipeline toggle,Indicate whether to keep (1) or delete (0) Augur csv and h5 files after Augur finishes. If you plan to run PRAS via ReEDS2PRAS then set this switch to 1.,0; 1,0,
keep_g00_files,Run setup / execution,Keep (1) or delete (0) .g00 files for completed solve years,0; 1,0,
keep_run_terminal,Run setup / execution,"0=close run terminal, 1=keep run terminal open",0; 1,0,
land_use_analysis,Postprocessing/export - Pipeline toggle,switch to turn on/off land-use analysis. Requires the `reeds_to_rev` switch also be activated,0; 1,0,
pcm,Postprocessing/dispatch - Pipeline toggle,Rerun final solve year in dispatch mode at 1-hour resolution after the CEM run finishes (submits a new bigmem job if on the HPC),0; 1,0,
plot_ba_level,Postprocessing/export - Pipeline toggle,0=do not plot or output BA-level year-by-month plots; 1=plot and output BA-level year-by-month plots.,0; 1,0,
pras,PRAS/resource adequacy - Pipeline toggle,Indicate whether to run PRAS for 2007-2013 between each pair of solve years (0=never; 1=just the final solve year; 2=always),0; 1; 2,2,
pras_agg_ogs_lfillgas,Resource adequacy / PRM / PRAS,Aggregate existing o-g-s and landfill gas units to the capacity assumed for new units (from unitsize.csv),0; 1,0,
pras_existing_unit_size,Resource adequacy / PRM / PRAS,Use the average size of existing units by tech/region when disaggregating new capacity (otherwise use capacities from unitsize.csv for all new units),0; 1,1,
pras_hydro_energylim,Resource adequacy / PRM / PRAS,Whether to model hydro as energy-limited in PRAS (1) or like a thermal generator (0),0; 1,1,
pras_include_h2dac,Resource adequacy / PRM / PRAS,Indicate whether to include (1) demand associated with H2 production & DAC in PRAS,0; 1,0,
pras_max_unitsize_prm,Resource adequacy / PRM / PRAS,Cap the upper bound of disaggregated unit size by zone at the zonal PRM in MW,0; 1,1,
pras_samples,PRAS/resource adequacy - Pipeline toggle,Indicate how many Monte Carlo samples to use in PRAS (if 0 then the .pras file is generated but PRAS is not run),int,100,
pras_scheduled_outage,Resource adequacy / PRM / PRAS,Include scheduled outages in PRAS (if 0 then a default outage rate of 0 is applied),0; 1,0,
pras_seed,Resource adequacy / PRM / PRAS,Seed to use for PRAS samples; can be any positive integer. If 0 the seed is set randomly,int,1,
pras_singlethread,Resource adequacy / PRM / PRAS,Force single-thread operation for PRAS (much slower but sometimes helps avoid Julia hangs and errors),^[0-1]$,0,
pras_trans_contingency,Resource adequacy / PRM / PRAS,Indicate whether to use n-0 (0) or n-1 (1) transmission capacities in PRAS,0; 1,0,
pras_unitsize_source,Resource adequacy / PRM / PRAS,Data source for characteristic unit sizes in ReESD2PRAS,atb; r2x,atb,
pras_vre_combine,Resource adequacy / PRM / PRAS,Combine VRE into a single VRE tech in ReEDS2PRAS,0; 1,0,
reeds_to_rev,Postprocessing/export - Pipeline toggle,switch to turn on/off ReV outputs,0; 1,1,
resource_adequacy_years,Resource adequacy / PRM / PRAS,_-delimited years to include in resource adequacy calculations,N/A,2007_2008_2009_2010_2011_2012_2013_2016_2017_2018_2019_2020_2021_2022_2023,
MCS_runs,Monte Carlo - Pipeline toggle,Number of Monte Carlo simulation runs. Set to 0 to disable MCS. Set to an integer N > 0 to run N ReEDS simulations with sampling.,int,0,
MCS_dist,Monte Carlo / sampling,Name of the `.yaml` file defining the MCS distributions. Use 'default' or a string beginning with 'user' to reference `inputs/userinput/mcs_distributions_{MCS_dist}.yaml`,N/A,default,
MCS_dist_groups,Monte Carlo / sampling,Define the distribution groups to use in a Monte Carlo Simulation. Each entry should refer to a key from `inputs/userinput/mcs_distributions_{MCS_dist}.yaml` with multiple entries separated by a dot (e.g. Example1.Example2.Example3),N/A,tech,
